what,kind,bundleId,bundleVersion,description,time
deactivated,workbench,org.eclipse.ui.workbench,3.6.2.M20110210-1200,"",1331909714012
activated,workbench,org.eclipse.ui.workbench,3.6.2.M20110210-1200,"",1331909750553
deactivated,workbench,org.eclipse.ui.workbench,3.6.2.M20110210-1200,"",1331909754022
started,bundle,org.playframework.playclipse,0.7.0,"org.playframework.playclipse",1331909755586
opened,editor,org.playframework.playclipse,0.7.0,"RouteEditor",1331909755734
activated,editor,org.playframework.playclipse,0.7.0,"RouteEditor",1331909755794
activated,workbench,org.eclipse.ui.workbench,3.6.2.M20110210-1200,"",1331909755823
executed,command,org.eclipse.ui,3.6.2.M20110203-1100,"org.eclipse.ui.file.save",1331909763102
deactivated,workbench,org.eclipse.ui.workbench,3.6.2.M20110210-1200,"",1331909763788
activated,workbench,org.eclipse.ui.workbench,3.6.2.M20110210-1200,"",1331909764668
deactivated,workbench,org.eclipse.ui.workbench,3.6.2.M20110210-1200,"",1331909765453
activated,workbench,org.eclipse.ui.workbench,3.6.2.M20110210-1200,"",1331909773653
executed,command,org.eclipse.ui.workbench.texteditor,3.6.1.r361_v20100714-0800,"org.eclipse.ui.edit.text.select.lineStart",1331909777047
executed,command,org.eclipse.ui,3.6.2.M20110203-1100,"org.eclipse.ui.edit.delete",1331909777615
executed,command,org.eclipse.ui,3.6.2.M20110203-1100,"org.eclipse.ui.file.save",1331909778995
executed,command,org.eclipse.ui,3.6.2.M20110203-1100,"org.eclipse.ui.edit.delete",1331909789912
executed,command,org.eclipse.ui,3.6.2.M20110203-1100,"org.eclipse.ui.edit.delete",1331909790391
executed,command,org.eclipse.ui,3.6.2.M20110203-1100,"org.eclipse.ui.file.save",1331909791233
activated,view,org.eclipse.ui.navigator.resources,3.4.202.M20101124-0800,"org.eclipse.ui.navigator.ProjectExplorer",1331909798286
deactivated,workbench,org.eclipse.ui.workbench,3.6.2.M20110210-1200,"",1331909799739
activated,workbench,org.eclipse.ui.workbench,3.6.2.M20110210-1200,"",1331909888211
deactivated,workbench,org.eclipse.ui.workbench,3.6.2.M20110210-1200,"",1331909894932
activated,workbench,org.eclipse.ui.workbench,3.6.2.M20110210-1200,"",1331909927320
error,log,,,"Core exception while retrieving the content description",1331909927714
error,log,,,"Core exception while retrieving the content description",1331909927715
error,log,,,"Core exception while retrieving the content description",1331909927716
error,log,,,"Core exception while retrieving the content description",1331909927716
error,log,,,"Core exception while retrieving the content description",1331909927719
error,log,,,"Core exception while retrieving the content description",1331909927720
error,log,,,"Core exception while retrieving the content description",1331909927720
error,log,,,"Core exception while retrieving the content description",1331909927721
error,log,,,"Core exception while retrieving the content description",1331909927723
error,log,,,"Core exception while retrieving the content description",1331909927723
error,log,,,"Core exception while retrieving the content description",1331909927724
error,log,,,"Core exception while retrieving the content description",1331909927724
error,log,,,"Core exception while retrieving the content description",1331909927732
error,log,,,"Core exception while retrieving the content description",1331909927733
error,log,,,"Core exception while retrieving the content description",1331909927734
error,log,,,"Core exception while retrieving the content description",1331909927734
error,log,,,"Core exception while retrieving the content description",1331909927737
error,log,,,"Core exception while retrieving the content description",1331909927738
error,log,,,"Core exception while retrieving the content description",1331909927739
error,log,,,"Core exception while retrieving the content description",1331909927740
error,log,,,"Core exception while retrieving the content description",1331909927743
error,log,,,"Core exception while retrieving the content description",1331909927743
error,log,,,"Core exception while retrieving the content description",1331909927744
error,log,,,"Core exception while retrieving the content description",1331909927745
activated,editor,org.eclipse.wst.html.ui,1.0.505.v201106160200,"org.eclipse.wst.html.core.htmlsource.source",1331909929355
activated,editor,org.playframework.playclipse,0.7.0,"RouteEditor",1331909932397
closed,editor,org.eclipse.wst.html.ui,1.0.505.v201106160200,"org.eclipse.wst.html.core.htmlsource.source",1331909932397
activated,view,org.eclipse.ui.navigator.resources,3.4.202.M20101124-0800,"org.eclipse.ui.navigator.ProjectExplorer",1331909934710
deactivated,workbench,org.eclipse.ui.workbench,3.6.2.M20110210-1200,"",1331909936282
error,log,,,"Core exception while retrieving the content description",1331909936819
error,log,,,"Core exception while retrieving the content description",1331909936821
executed,command,org.eclipse.ltk.ui.refactoring,3.5.0.v20100526-0800,"org.eclipse.ltk.ui.refactoring.commands.deleteResources",1331909936965
executed,command,org.eclipse.ui,3.6.2.M20110203-1100,"org.eclipse.ui.edit.delete",1331909936965
activated,workbench,org.eclipse.ui.workbench,3.6.2.M20110210-1200,"",1331909936991
error,log,,,"Core exception while retrieving the content description",1331909937353
error,log,,,"Core exception while retrieving the content description",1331909937354
error,log,,,"Core exception while retrieving the content description",1331909937357
error,log,,,"Core exception while retrieving the content description",1331909937358
error,log,,,"Core exception while retrieving the content description",1331909937359
activated,editor,org.eclipse.wst.html.ui,1.0.505.v201106160200,"org.eclipse.wst.html.core.htmlsource.source",1331909937815
activated,view,org.eclipse.ui.navigator.resources,3.4.202.M20101124-0800,"org.eclipse.ui.navigator.ProjectExplorer",1331909937862
activated,editor,org.eclipse.wst.html.ui,1.0.505.v201106160200,"org.eclipse.wst.html.core.htmlsource.source",1331909945433
executed,command,org.eclipse.ui,3.6.2.M20110203-1100,"org.eclipse.ui.edit.cut",1331909946578
error,log,,,"Core exception while retrieving the content description",1331909947165
error,log,,,"Core exception while retrieving the content description",1331909947168
executed,command,org.eclipse.ui,3.6.2.M20110203-1100,"org.eclipse.ui.file.save",1331909947386
error,log,,,"Core exception while retrieving the content description",1331909947729
error,log,,,"Core exception while retrieving the content description",1331909947730
error,log,,,"Core exception while retrieving the content description",1331909947732
error,log,,,"Core exception while retrieving the content description",1331909947733
error,log,,,"Core exception while retrieving the content description",1331909947734
deactivated,workbench,org.eclipse.ui.workbench,3.6.2.M20110210-1200,"",1331909948250
activated,workbench,org.eclipse.ui.workbench,3.6.2.M20110210-1200,"",1331909958233
deactivated,workbench,org.eclipse.ui.workbench,3.6.2.M20110210-1200,"",1331909960350
activated,workbench,org.eclipse.ui.workbench,3.6.2.M20110210-1200,"",1331909961849
activated,editor,org.playframework.playclipse,0.7.0,"RouteEditor",1331909967314
activated,view,org.eclipse.ui.navigator.resources,3.4.202.M20101124-0800,"org.eclipse.ui.navigator.ProjectExplorer",1331909971412
activated,editor,org.eclipse.jdt.ui,3.6.2.r362_v20110203,"org.eclipse.jdt.ui.CompilationUnitEditor",1331909971689
activated,view,org.eclipse.ui.navigator.resources,3.4.202.M20101124-0800,"org.eclipse.ui.navigator.ProjectExplorer",1331909971841
deactivated,workbench,org.eclipse.ui.workbench,3.6.2.M20110210-1200,"",1331909984820
activated,workbench,org.eclipse.ui.workbench,3.6.2.M20110210-1200,"",1331910037197
deactivated,workbench,org.eclipse.ui.workbench,3.6.2.M20110210-1200,"",1331910043340
activated,workbench,org.eclipse.ui.workbench,3.6.2.M20110210-1200,"",1331910137109
deactivated,workbench,org.eclipse.ui.workbench,3.6.2.M20110210-1200,"",1331910154236
activated,workbench,org.eclipse.ui.workbench,3.6.2.M20110210-1200,"",1331910158135
deactivated,workbench,org.eclipse.ui.workbench,3.6.2.M20110210-1200,"",1331910159085
activated,workbench,org.eclipse.ui.workbench,3.6.2.M20110210-1200,"",1331910202734
deactivated,workbench,org.eclipse.ui.workbench,3.6.2.M20110210-1200,"",1331910220133
activated,workbench,org.eclipse.ui.workbench,3.6.2.M20110210-1200,"",1331910279581
deactivated,workbench,org.eclipse.ui.workbench,3.6.2.M20110210-1200,"",1331910288049
activated,workbench,org.eclipse.ui.workbench,3.6.2.M20110210-1200,"",1331910296595
deactivated,workbench,org.eclipse.ui.workbench,3.6.2.M20110210-1200,"",1331910297315
error,log,,,"Core exception while retrieving the content description",1331910298877
error,log,,,"Core exception while retrieving the content description",1331910298879
closed,workbench,org.eclipse.ui.workbench,3.6.2.M20110210-1200,"",1331910299172
stopped,bundle,org.eclipse.jst.j2ee.xdoclet.runtime,1.1.300.v201004280700,"org.eclipse.jst.j2ee.xdoclet.runtime",1331910299842
stopped,bundle,org.eclipse.jst.j2ee.ejb.annotations.xdoclet,1.2.100.v201003112036,"org.eclipse.jst.j2ee.ejb.annotations.xdoclet",1331910299842
stopped,bundle,org.eclipse.jst.server.generic.jboss,1.6.1.v200904151730,"org.eclipse.jst.server.generic.jboss",1331910299842
stopped,bundle,org.eclipse.jst.server.generic.jonas,1.5.205.v200805140145,"org.eclipse.jst.server.generic.jonas",1331910299843
stopped,bundle,org.eclipse.jst.server.generic.oc4j,1.5.206.v20090812,"org.eclipse.jst.server.generic.oc4j",1331910299843
stopped,bundle,org.eclipse.jst.server.websphere.core,1.0.302.v20080620,"org.eclipse.jst.server.websphere.core",1331910299844
stopped,bundle,org.eclipse.jst.server.generic.ui,1.0.505.v20100428,"org.eclipse.jst.server.generic.ui",1331910299844
stopped,bundle,org.eclipse.jst.server.generic.core,1.0.606.v20100512,"org.eclipse.jst.server.generic.core",1331910299844
stopped,bundle,org.eclipse.mylyn.ide.ant,3.4.0.v20100608-0100-e3x,"org.eclipse.mylyn.ide.ant",1331910299844
stopped,bundle,org.eclipse.datatools.connectivity.oda.template.ui,3.2.1.v201004090942,"org.eclipse.datatools.connectivity.oda.template.ui",1331910299844
stopped,bundle,org.eclipse.pde.ds.ui,1.0.100.v20100601,"org.eclipse.pde.ds.ui",1331910299844
stopped,bundle,org.eclipse.pde.runtime,3.4.200.v20100601,"org.eclipse.pde.runtime",1331910299845
stopped,bundle,org.eclipse.pde.ua.ui,1.0.100.v20100504,"org.eclipse.pde.ua.ui",1331910299845
stopped,bundle,org.eclipse.pde.ui.templates,3.4.200.v20100601,"org.eclipse.pde.ui.templates",1331910299845
stopped,bundle,org.eclipse.pde.api.tools.ui,1.0.201.v20100820_r361,"org.eclipse.pde.api.tools.ui",1331910299846
stopped,bundle,org.eclipse.pde.ui,3.6.1.v20110210_r362,"org.eclipse.pde.ui",1331910299847
stopped,bundle,org.eclipse.ant.ui,3.5.0.v20100427,"org.eclipse.ant.ui",1331910299851
stopped,bundle,org.eclipse.jst.jsf.facelet.ui,1.0.0.v20100602,"org.eclipse.jst.jsf.facelet.ui",1331910299852
stopped,bundle,org.eclipse.jst.j2ee.ejb.annotations.ui,1.1.200.v201004290730,"org.eclipse.jst.j2ee.ejb.annotations.ui",1331910299852
stopped,bundle,org.eclipse.jst.ws.axis.creation.ui,1.0.600.v201008171516,"org.eclipse.jst.ws.axis.creation.ui",1331910299852
stopped,bundle,org.eclipse.jst.ws.axis.consumption.ui,1.0.505.v201004211805,"org.eclipse.jst.ws.axis.consumption.ui",1331910299852
stopped,bundle,org.eclipse.jst.ws.axis2.creation.ui,1.0.104.v201004211805,"org.eclipse.jst.ws.axis2.creation.ui",1331910299852
stopped,bundle,org.eclipse.jst.ws.axis2.consumption.ui,1.0.103.v201004211805,"org.eclipse.jst.ws.axis2.consumption.ui",1331910299852
stopped,bundle,org.eclipse.jst.ws.axis2.creation.core,1.0.106.v201004211805,"org.eclipse.jst.ws.axis2.creation.core",1331910299852
stopped,bundle,org.eclipse.jst.ws.axis2.consumption.core,1.0.105.v201004211805,"org.eclipse.jst.ws.axis2.consumption.core",1331910299853
stopped,bundle,org.eclipse.jst.ws.cxf.creation.ui,1.0.0.v201003311345,"org.eclipse.jst.ws.cxf.creation.ui",1331910299853
stopped,bundle,org.eclipse.jst.ws.cxf.consumption.ui,1.0.0.v201003222311,"org.eclipse.jst.ws.cxf.consumption.ui",1331910299853
stopped,bundle,org.eclipse.jst.ws.creation.ui,1.0.510.v201011041151,"org.eclipse.jst.ws.creation.ui",1331910299854
stopped,bundle,org.eclipse.jst.ws.consumption.ui,1.1.302.v201101191731,"org.eclipse.jst.ws.consumption.ui",1331910299854
stopped,bundle,org.eclipse.jst.j2ee.webservice.ui,1.1.400.v201004110600,"org.eclipse.jst.j2ee.webservice.ui",1331910299854
stopped,bundle,org.eclipse.jst.ws.jaxws.dom.integration,1.0.0.v201004171919,"org.eclipse.jst.ws.jaxws.dom.integration",1331910299855
stopped,bundle,org.eclipse.jst.ejb.ui,1.1.502.v201101121843,"org.eclipse.jst.ejb.ui",1331910299855
stopped,bundle,org.eclipse.jst.servlet.ui,1.1.404.v201101270100,"org.eclipse.jst.servlet.ui",1331910299855
stopped,bundle,org.eclipse.jst.jee.ui,1.0.304.v201101272100,"org.eclipse.jst.jee.ui",1331910299856
stopped,bundle,org.eclipse.jst.j2ee.navigator.ui,1.1.403.v201012020600,"org.eclipse.jst.j2ee.navigator.ui",1331910299856
stopped,bundle,org.eclipse.jst.j2ee.jca.ui,1.1.400.v201004150700,"org.eclipse.jst.j2ee.jca.ui",1331910299856
stopped,bundle,org.eclipse.wtp.epp.package.jee.intro,1.3.0.v201006142040,"org.eclipse.wtp.epp.package.jee.intro",1331910299856
stopped,bundle,org.dyno.visual.swing.borders,0.9.12.I20090506-2220,"org.dyno.visual.swing.borders",1331910299857
stopped,bundle,org.dyno.visual.swing.grouplayouts,0.9.12.I20090506-2220,"org.dyno.visual.swing.grouplayouts",1331910299857
stopped,bundle,org.dyno.visual.swing.layouts,0.9.12.I20090527-2200,"org.dyno.visual.swing.layouts",1331910299857
stopped,bundle,org.dyno.visual.swing.parser,0.9.12.I20090522-2330,"org.dyno.visual.swing.parser",1331910299857
stopped,bundle,org.dyno.visual.swing.types,0.9.12.I20090527-2200,"org.dyno.visual.swing.types",1331910299857
stopped,bundle,org.eclipse.emf.mapping.ecore2xml.ui,2.5.0.v20100521-1847,"org.eclipse.emf.mapping.ecore2xml.ui",1331910299858
stopped,bundle,org.eclipse.emf.exporter,2.6.0.v20100521-1846,"org.eclipse.emf.exporter",1331910299858
stopped,bundle,org.eclipse.emf.importer.ecore,2.6.0.v20100521-1846,"org.eclipse.emf.importer.ecore",1331910299858
stopped,bundle,org.eclipse.emf.importer.java,2.6.0.v20100521-1846,"org.eclipse.emf.importer.java",1331910299858
stopped,bundle,org.eclipse.emf.importer.rose,2.6.0.v20100521-1846,"org.eclipse.emf.importer.rose",1331910299859
stopped,bundle,org.eclipse.emf.importer,2.6.0.v20100521-1846,"org.eclipse.emf.importer",1331910299859
stopped,bundle,org.eclipse.emf.converter,2.5.0.v20100914-1218,"org.eclipse.emf.converter",1331910299859
stopped,bundle,org.eclipse.emf.codegen.ecore.ui,2.6.0.v20100914-1218,"org.eclipse.emf.codegen.ecore.ui",1331910299859
stopped,bundle,org.eclipse.emf.mapping.ecore2ecore.editor,2.4.0.v20100521-1847,"org.eclipse.emf.mapping.ecore2ecore.editor",1331910299859
stopped,bundle,org.eclipse.emf.ecore.editor,2.6.0.v20100914-1218,"org.eclipse.emf.ecore.editor",1331910299860
stopped,bundle,org.eclipse.emf.mapping.ui,2.6.0.v20100914-1218,"org.eclipse.emf.mapping.ui",1331910299861
stopped,bundle,org.eclipse.datatools.enablement.hsqldb.ui,1.0.0.v200906020900,"org.eclipse.datatools.enablement.hsqldb.ui",1331910299861
stopped,bundle,org.eclipse.datatools.enablement.sqlite.ui,1.0.0.v200906020900,"org.eclipse.datatools.enablement.sqlite.ui",1331910299861
stopped,bundle,org.eclipse.datatools.enablement.sybase.asa.schemaobjecteditor.examples,2.5.0.200810071,"org.eclipse.datatools.enablement.sybase.asa.schemaobjecteditor.examples",1331910299861
stopped,bundle,org.eclipse.datatools.enablement.sybase.asa.ui,1.0.1.v200906111150,"org.eclipse.datatools.enablement.sybase.asa.ui",1331910299862
stopped,bundle,org.eclipse.datatools.enablement.sybase.ase.ui,1.0.1.v200906020900,"org.eclipse.datatools.enablement.sybase.ase.ui",1331910299862
stopped,bundle,org.eclipse.datatools.enablement.sybase.ui,1.0.0.v200906090458,"org.eclipse.datatools.enablement.sybase.ui",1331910299862
stopped,bundle,org.eclipse.datatools.sqltools.data.ui,1.2.0.v201005250945,"org.eclipse.datatools.sqltools.data.ui",1331910299862
stopped,bundle,org.eclipse.datatools.connectivity.apache.derby.ui,1.0.3.v201007080903,"org.eclipse.datatools.connectivity.apache.derby.ui",1331910299862
stopped,bundle,org.eclipse.datatools.enablement.ingres.ui,1.0.0.v201006242214,"org.eclipse.datatools.enablement.ingres.ui",1331910299863
stopped,bundle,org.eclipse.datatools.connectivity.sqm.server.ui,1.1.100.v201009280455,"org.eclipse.datatools.connectivity.sqm.server.ui",1331910299863
stopped,bundle,org.eclipse.datatools.sqltools.sqlbuilder,1.0.3.v201009131745,"org.eclipse.datatools.sqltools.sqlbuilder",1331910299863
stopped,bundle,org.eclipse.jpt.eclipselink.ui,1.3.0.v201004280001,"org.eclipse.jpt.eclipselink.ui",1331910299863
stopped,bundle,org.eclipse.jpt.jaxb.ui,1.0.1.v201006300000,"org.eclipse.jpt.jaxb.ui",1331910299864
stopped,bundle,org.eclipse.jpt.ui,2.3.2.v201008252310,"org.eclipse.jpt.ui",1331910299864
stopped,bundle,org.eclipse.jst.j2ee.ui,1.1.404.v201101122300,"org.eclipse.jst.j2ee.ui",1331910299864
stopped,bundle,org.eclipse.jst.pagedesigner.jsf.ui,1.2.0.v20100414,"org.eclipse.jst.pagedesigner.jsf.ui",1331910299864
stopped,bundle,org.eclipse.jst.jsf.apache.trinidad.tagsupport,1.1.101.v20100906,"org.eclipse.jst.jsf.apache.trinidad.tagsupport",1331910299864
stopped,bundle,org.eclipse.jst.jsf.facesconfig.ui,1.2.1.v201101112207,"org.eclipse.jst.jsf.facesconfig.ui",1331910299865
stopped,bundle,org.eclipse.jst.jsf.ui,1.3.1.v20100906,"org.eclipse.jst.jsf.ui",1331910299865
stopped,bundle,org.eclipse.jst.pagedesigner,1.3.2.v201101211220,"org.eclipse.jst.pagedesigner",1331910299865
stopped,bundle,org.eclipse.jst.jsf.common.ui,1.2.0.v20100329,"org.eclipse.jst.jsf.common.ui",1331910299865
stopped,bundle,org.eclipse.jst.pagedesigner.jsp.core,1.2.0.v20100308,"org.eclipse.jst.pagedesigner.jsp.core",1331910299866
stopped,bundle,org.eclipse.jst.jsf.facelet.core,1.0.2.v201101042130,"org.eclipse.jst.jsf.facelet.core",1331910299866
stopped,bundle,org.eclipse.jst.jsf.core,1.3.3.v201102021253,"org.eclipse.jst.jsf.core",1331910299866
stopped,bundle,org.eclipse.jst.jsf.standard.tagsupport,1.2.2.v20101027,"org.eclipse.jst.jsf.standard.tagsupport",1331910299867
stopped,bundle,org.eclipse.jst.jsf.common,1.2.2.v201101211220,"org.eclipse.jst.jsf.common",1331910299868
stopped,bundle,org.eclipse.jst.jsf.facesconfig,1.2.1.v20100906,"org.eclipse.jst.jsf.facesconfig",1331910299868
stopped,bundle,org.eclipse.wst.wsdl.ui,1.2.306.v201106290347,"org.eclipse.wst.wsdl.ui",1331910299868
stopped,bundle,org.eclipse.wst.xsd.ui,1.2.305.v201104132127,"org.eclipse.wst.xsd.ui",1331910299868
stopped,bundle,org.eclipse.emf.edit.ui,2.6.0.v20100914-1218,"org.eclipse.emf.edit.ui",1331910299869
stopped,bundle,org.eclipse.wst.common.snippets,1.2.2.v201101130441,"org.eclipse.wst.common.snippets",1331910299869
stopped,bundle,org.eclipse.gef,3.6.2.v20110110-2020,"org.eclipse.gef",1331910299869
stopped,bundle,org.eclipse.datatools.enablement.postgresql.ui,1.0.0.v200906020900,"org.eclipse.datatools.enablement.postgresql.ui",1331910299869
stopped,bundle,org.eclipse.datatools.connectivity.db.generic.ui,1.0.1.v201004070709,"org.eclipse.datatools.connectivity.db.generic.ui",1331910299869
stopped,bundle,org.eclipse.datatools.sqltools.ddlgen.ui,1.0.1.v201002270530,"org.eclipse.datatools.sqltools.ddlgen.ui",1331910299870
stopped,bundle,org.eclipse.datatools.sqltools.db.derby.ui,1.0.0.v200906020900,"org.eclipse.datatools.sqltools.db.derby.ui",1331910299870
stopped,bundle,org.eclipse.datatools.sqltools.db.generic.ui,1.0.0.v200906020900,"org.eclipse.datatools.sqltools.db.generic.ui",1331910299870
stopped,bundle,org.eclipse.datatools.sqltools.debugger.core.ui,1.0.0.v201003161000,"org.eclipse.datatools.sqltools.debugger.core.ui",1331910299870
stopped,bundle,org.eclipse.datatools.sqltools.routineeditor.ui,1.0.1.v201004060545,"org.eclipse.datatools.sqltools.routineeditor.ui",1331910299870
stopped,bundle,org.eclipse.datatools.sqltools.sqlscrapbook,1.0.1.v201005250945,"org.eclipse.datatools.sqltools.sqlscrapbook",1331910299871
stopped,bundle,org.eclipse.datatools.sqltools.debugger.core,1.0.1.v201005250945,"org.eclipse.datatools.sqltools.debugger.core",1331910299871
stopped,bundle,org.eclipse.datatools.sqltools.schemaobjecteditor.ui.pages,1.1.0.200810071,"org.eclipse.datatools.sqltools.schemaobjecteditor.ui.pages",1331910299871
stopped,bundle,org.eclipse.datatools.sqltools.schemaobjecteditor.ui,1.1.1.200810071,"org.eclipse.datatools.sqltools.schemaobjecteditor.ui",1331910299871
stopped,bundle,org.eclipse.datatools.sqltools.sqleditor,1.0.2.v201009230800,"org.eclipse.datatools.sqltools.sqleditor",1331910299871
stopped,bundle,org.eclipse.datatools.sqltools.editor.core.ui,1.0.0.v201001150815,"org.eclipse.datatools.sqltools.editor.core.ui",1331910299872
stopped,bundle,org.eclipse.datatools.sqltools.tabledataeditor,1.0.1.v201005250945,"org.eclipse.datatools.sqltools.tabledataeditor",1331910299872
stopped,bundle,org.eclipse.datatools.connectivity.sqm.core.ui,1.2.0.v201002281800,"org.eclipse.datatools.connectivity.sqm.core.ui",1331910299872
stopped,bundle,org.eclipse.datatools.connectivity.ui.dse,1.1.4.v201004270430,"org.eclipse.datatools.connectivity.ui.dse",1331910299872
stopped,bundle,org.eclipse.datatools.enablement.ibm.db2.iseries.ui,1.0.1.v201005211230,"org.eclipse.datatools.enablement.ibm.db2.iseries.ui",1331910299873
stopped,bundle,org.eclipse.datatools.enablement.ibm.db2.luw.ui,1.0.2.v201005211230,"org.eclipse.datatools.enablement.ibm.db2.luw.ui",1331910299874
stopped,bundle,org.eclipse.datatools.enablement.ibm.db2.zseries.ui,1.0.1.v201005211230,"org.eclipse.datatools.enablement.ibm.db2.zseries.ui",1331910299874
stopped,bundle,org.eclipse.datatools.enablement.ibm.informix.ui,1.0.2.v201005211230,"org.eclipse.datatools.enablement.ibm.informix.ui",1331910299874
stopped,bundle,org.eclipse.datatools.enablement.ibm.ui,1.0.0.v200906020900,"org.eclipse.datatools.enablement.ibm.ui",1331910299874
stopped,bundle,org.eclipse.jpt.eclipselink.core,1.3.2.v201102072310,"org.eclipse.jpt.eclipselink.core",1331910299874
stopped,bundle,org.eclipse.jpt.core,2.3.3.v201102172310,"org.eclipse.jpt.core",1331910299874
stopped,bundle,org.eclipse.jpt.db,1.2.202.v201010192330,"org.eclipse.jpt.db",1331910299874
stopped,bundle,org.eclipse.datatools.enablement.jdt.classpath,1.0.1.v201004070709,"org.eclipse.datatools.enablement.jdt.classpath",1331910299874
stopped,bundle,org.eclipse.datatools.enablement.msft.sqlserver.ui,1.0.1.v200908130512,"org.eclipse.datatools.enablement.msft.sqlserver.ui",1331910299875
stopped,bundle,org.eclipse.datatools.enablement.mysql.ui,1.0.0.v200906020900,"org.eclipse.datatools.enablement.mysql.ui",1331910299875
stopped,bundle,org.eclipse.datatools.enablement.oracle.ui,1.0.2.v201005051303,"org.eclipse.datatools.enablement.oracle.ui",1331910299875
stopped,bundle,org.eclipse.datatools.enablement.sap.maxdb.ui,1.0.0.v200906020900,"org.eclipse.datatools.enablement.sap.maxdb.ui",1331910299875
stopped,bundle,org.eclipse.datatools.sqltools.plan,1.0.0.v200906022302,"org.eclipse.datatools.sqltools.plan",1331910299875
stopped,bundle,org.eclipse.datatools.sqltools.result.ui,1.1.1.v201101140400,"org.eclipse.datatools.sqltools.result.ui",1331910299875
stopped,bundle,org.eclipse.datatools.sqltools.common.ui,1.0.0.v200906022302,"org.eclipse.datatools.sqltools.common.ui",1331910299875
stopped,bundle,org.eclipse.datatools.connectivity.oda.flatfile.ui,3.1.1.v201101261130,"org.eclipse.datatools.connectivity.oda.flatfile.ui",1331910299875
stopped,bundle,org.eclipse.datatools.enablement.oda.ws.ui,1.2.2.v201012301630,"org.eclipse.datatools.enablement.oda.ws.ui",1331910299875
stopped,bundle,org.eclipse.datatools.enablement.oda.xml.ui,1.2.1.v201012161115,"org.eclipse.datatools.enablement.oda.xml.ui",1331910299875
stopped,bundle,org.eclipse.datatools.connectivity.oda.design.ui,3.2.4.v201012150951,"org.eclipse.datatools.connectivity.oda.design.ui",1331910299876
stopped,bundle,org.eclipse.datatools.connectivity.ui,1.2.1.v201010211415,"org.eclipse.datatools.connectivity.ui",1331910299876
stopped,bundle,org.eclipse.datatools.sqltools.sql.ui,1.0.0.v200906022302,"org.eclipse.datatools.sqltools.sql.ui",1331910299876
stopped,bundle,org.eclipse.rse.subsystems.processes.dstore,2.1.100.v200905272300,"org.eclipse.rse.subsystems.processes.dstore",1331910299876
stopped,bundle,org.eclipse.rse.subsystems.files.dstore,2.1.102.R32x_v201102011435,"org.eclipse.rse.subsystems.files.dstore",1331910299876
stopped,bundle,org.eclipse.rse.subsystems.shells.dstore,2.1.201.v201008191400,"org.eclipse.rse.subsystems.shells.dstore",1331910299876
stopped,bundle,org.eclipse.rse.connectorservice.dstore,3.1.100.v201005281600,"org.eclipse.rse.connectorservice.dstore",1331910299876
stopped,bundle,org.eclipse.rse.dstore.security,3.0.200.v201003010830,"org.eclipse.rse.dstore.security",1331910299878
stopped,bundle,org.eclipse.rse.services.dstore,3.1.102.R32x_v201102011435,"org.eclipse.rse.services.dstore",1331910299878
stopped,bundle,org.eclipse.dstore.core,3.2.2.R32x_v201102121806,"org.eclipse.dstore.core",1331910299878
stopped,bundle,org.eclipse.dstore.extra,2.1.101.v200907301400,"org.eclipse.dstore.extra",1331910299878
stopped,bundle,org.eclipse.epp.mpc.ui,1.0.1.v20100826-2143,"org.eclipse.epp.mpc.ui",1331910299878
stopped,bundle,com.google.appengine.eclipse.sdkbundle,1.5.5.r36v201110112027,"com.google.appengine.eclipse.sdkbundle",1331910299878
stopped,bundle,com.google.gdt.eclipse.appengine.rpc,2.4.2.relr36v201110112027,"com.google.gdt.eclipse.appengine.rpc",1331910299879
stopped,bundle,com.google.gdt.eclipse.gph.e36,2.4.2.relr36v201110112027,"com.google.gdt.eclipse.gph.e36",1331910299879
stopped,bundle,com.google.gdt.eclipse.gph.hge,2.4.2.relr36v201110112027,"com.google.gdt.eclipse.gph.hge",1331910299879
stopped,bundle,com.google.gdt.eclipse.gph.subclipse,2.4.2.relr36v201110112027,"com.google.gdt.eclipse.gph.subclipse",1331910299879
stopped,bundle,com.google.gdt.eclipse.gph.subversive,2.4.2.relr36v201110112027,"com.google.gdt.eclipse.gph.subversive",1331910299879
stopped,bundle,com.google.gdt.eclipse.gph,2.4.2.relr36v201110112027,"com.google.gdt.eclipse.gph",1331910299880
stopped,bundle,com.google.gdt.eclipse.maven.e35,2.4.2.relr36v201110112027,"com.google.gdt.eclipse.maven.e35",1331910299880
stopped,bundle,com.google.gdt.eclipse.maven,2.4.2.relr36v201110112027,"com.google.gdt.eclipse.maven",1331910299880
stopped,bundle,com.google.gdt.eclipse.suite,2.4.2.relr36v201110112027,"com.google.gdt.eclipse.suite",1331910299880
stopped,bundle,com.google.gdt.eclipse.appsmarketplace,2.4.2.relr36v201110112027,"com.google.gdt.eclipse.appsmarketplace",1331910299880
stopped,bundle,com.google.appengine.eclipse.core,2.4.2.relr36v201110112027,"com.google.appengine.eclipse.core",1331910299881
stopped,bundle,com.google.gdt.eclipse.login,2.4.2.relr36v201110112027,"com.google.gdt.eclipse.login",1331910299881
stopped,bundle,com.google.gdt.eclipse.managedapis,2.4.2.relr36v201110112027,"com.google.gdt.eclipse.managedapis",1331910299882
stopped,bundle,com.google.gwt.eclipse.oophm,2.4.2.relr36v201110112027,"com.google.gwt.eclipse.oophm",1331910299882
stopped,bundle,com.google.gwt.eclipse.sdkbundle,2.4.0.relr36v201110112027,"com.google.gwt.eclipse.sdkbundle",1331910299882
stopped,bundle,com.google.gwt.eclipse.core,2.4.2.relr36v201110112027,"com.google.gwt.eclipse.core",1331910299891
stopped,bundle,com.google.gdt.eclipse.core,2.4.2.relr36v201110112027,"com.google.gdt.eclipse.core",1331910299891
stopped,bundle,com.google.gdt.eclipse.platform,2.4.2.relr36v201110112027,"com.google.gdt.eclipse.platform",1331910299892
stopped,bundle,com.google.gdt.eclipse.platform.e36,2.4.2.relr36v201110112027,"com.google.gdt.eclipse.platform.e36",1331910299892
